<?xml version="1.0" encoding="utf-8"?>
<addresses>
    <address>
        <name>Christina Coenraets</name>
        <phone>555-219-2270</phone>
        <photo>asset/gosu.gif</photo>
    </address>
    <address>
        <name>Louis Freligh</name>
        <phone>555-219-2100</phone>
        <photo>asset/jrun.gif</photo>
    </address>
    <address>
        <name>Ronnie Hodgman</name>
        <phone>555-219-2030</phone>
        <photo>asset/fx.gif</photo>
    </address>
    <address>
        <name>Joanne Wall</name>
        <phone>555-219-2012</phone>
        <photo>asset/u1.gif</photo>
    </address>
    <address>
        <name>Maurice Smith</name>
        <phone>555-219-2012</phone>
        <photo>asset/u2.gif</photo>
    </address>
    <address>
        <name>Mary Jones</name>
        <phone>555-219-2000</phone>
        <photo>asset/u3.gif</photo>
    </address>
</addresses>
