<?xml version="1.0" encoding="utf-8"?><phones>    <phone>        <name>Christina Coenraets</name>        <phone>555-219-2270</phone>    </phone>    <phone>        <name>Louis Freligh</name>        <phone>555-219-2100</phone>    </phone>    <phone>        <name>Ronnie Hodgman</name>        <phone>555-219-2030</phone>    </phone>    <phone>        <name>Joanne Wall</name>        <phone>555-219-2012</phone>    </phone>    <phone>        <name>Maurice Smith</name>        <phone>555-219-2012</phone>    </phone>    <phone>        <name>Gosu</name>        <phone>155-219-2000</phone>    </phone></phones>
